Location,Total_E_Waste,Recycled_Amount,Total_Items,Recycling_Rate
Germany,39238.72,504,1532,32.89817232
Bangladesh,38087.31,501,1550,32.32258065
England,39403.03,501,1481,33.82849426
India,41661.63,521,1530,34.05228758
USA,39217.21,497,1471,33.78653977
China,37985.04,476,1424,33.42696629